gender,emp_id,employee_name,driver_name,score
Male,3,"Solomon Fritsch","Company Policies",5
Male,5,"Brooks Hilll","Manager Support",5
Female,6,"Nobuko Dach","Company Policies",5
Female,7,"Sage Beier","Company Policies",5
Male,10,"Donnell Balistreri","Role Clarity",5
Male,11,"Diann Erdman","Career Growth",5
Male,11,"Diann Erdman","Company Policies",5
Male,12,"Kandra Lakin","Company Policies",5
Male,17,"Natashia Windler","Role Clarity",5
Male,18,"Leila Lemke","Career Growth",5
Male,19,"Aida Jacobi","Manager Support",5
Female,20,"Demetrius Hahn","Career Growth",5
Male,23,"Rina Gerhold","Manager Support",5
Male,29,"Marhta Johnston","Role Clarity",5
Female,30,"Alfred Okuneva","Manager Support",5
Male,31,"Kimberley Jacobi","Career Growth",5
Female,33,"Magdalena Bergnaum","Manager Support",5
Male,36,"Nikole Streich","Manager Support",5
Female,38,"Lilia Hickle","Role Clarity",5
Female,39,"Joyce Rau","Role Clarity",5
Male,40,"Gerardo Gulgowski","Manager Support",5
Male,48,"Annabelle Kuhic","Role Clarity",5
Male,49,"Nikole Kulas","Manager Support",5
Female,50,"Stanton Daniel","Career Growth",5
Male,51,"Nicholas Ankunding","Role Clarity",5
Female,52,"Olinda Heidenreich","Company Policies",5
Female,54,"Bari Kunde","Career Growth",5
Male,55,"Salena Upton","Career Growth",5
Male,1,"Lesley Farrell","Career Growth",4
Female,4,"Jeff Bechtelar","Company Policies",4
Male,5,"Brooks Hilll","Role Clarity",4
Male,5,"Brooks Hilll","Company Policies",4
Female,7,"Sage Beier","Career Growth",4
Female,7,"Sage Beier","Manager Support",4
Female,8,"Sharlene Gerlach","Company Policies",4
Female,9,"Marie Schroeder","Role Clarity",4
Male,11,"Diann Erdman","Role Clarity",4
Male,11,"Diann Erdman","Manager Support",4
Female,13,"Magnolia Kohler","Manager Support",4
Male,15,"Remedios Baumbach","Role Clarity",4
Male,15,"Remedios Baumbach","Career Growth",4
Female,16,"Fern Stroman","Manager Support",4
Male,19,"Aida Jacobi","Career Growth",4
Male,24,"Annika Ward","Company Policies",4
Male,25,"Jacquelyn Hahn","Company Policies",4
Male,28,"Vernon Hudson","Career Growth",4
Male,29,"Marhta Johnston","Company Policies",4
Female,33,"Magdalena Bergnaum","Role Clarity",4
Male,35,"Becky Rempel","Role Clarity",4
Male,35,"Becky Rempel","Career Growth",4
Male,35,"Becky Rempel","Company Policies",4
Male,36,"Nikole Streich","Career Growth",4
Female,37,"Yuette Morar","Role Clarity",4
Female,37,"Yuette Morar","Company Policies",4
Female,37,"Yuette Morar","Manager Support",4
Female,39,"Joyce Rau","Career Growth",4
Female,39,"Joyce Rau","Manager Support",4
Male,40,"Gerardo Gulgowski","Career Growth",4
Female,41,"Theodora Hahn","Manager Support",4
Female,44,"Shirley Crist","Company Policies",4
Female,44,"Shirley Crist","Manager Support",4
Female,46,"Phylicia Streich","Role Clarity",4
Female,46,"Phylicia Streich","Career Growth",4
Female,47,"Raylene Mueller","Company Policies",4
Female,47,"Raylene Mueller","Manager Support",4
Male,49,"Nikole Kulas","Career Growth",4
Female,50,"Stanton Daniel","Role Clarity",4
Male,51,"Nicholas Ankunding","Company Policies",4
Female,52,"Olinda Heidenreich","Career Growth",4
Male,53,"Joycelyn Halvorson","Career Growth",4
Male,53,"Joycelyn Halvorson","Manager Support",4
Female,54,"Bari Kunde","Role Clarity",4
Male,55,"Salena Upton","Company Policies",4
Male,3,"Solomon Fritsch","Role Clarity",3
Female,4,"Jeff Bechtelar","Career Growth",3
Female,6,"Nobuko Dach","Career Growth",3
Female,8,"Sharlene Gerlach","Career Growth",3
Female,8,"Sharlene Gerlach","Manager Support",3
Female,9,"Marie Schroeder","Career Growth",3
Female,9,"Marie Schroeder","Company Policies",3
Male,10,"Donnell Balistreri","Company Policies",3
Male,14,"Martina Feil","Role Clarity",3
Male,14,"Martina Feil","Company Policies",3
Male,14,"Martina Feil","Manager Support",3
Female,16,"Fern Stroman","Role Clarity",3
Female,16,"Fern Stroman","Career Growth",3
Female,16,"Fern Stroman","Company Policies",3
Male,17,"Natashia Windler","Manager Support",3
Male,18,"Leila Lemke","Manager Support",3
Female,20,"Demetrius Hahn","Role Clarity",3
Female,20,"Demetrius Hahn","Manager Support",3
Male,21,"Kyung Kub","Career Growth",3
Male,23,"Rina Gerhold","Role Clarity",3
Male,25,"Jacquelyn Hahn","Career Growth",3
Male,25,"Jacquelyn Hahn","Manager Support",3
Male,26,"Nigel Ritchie","Company Policies",3
Male,27,"Veda Prosacco","Manager Support",3
Female,30,"Alfred Okuneva","Company Policies",3
Male,31,"Kimberley Jacobi","Manager Support",3
Female,33,"Magdalena Bergnaum","Career Growth",3
Male,34,"Malika Deckow","Manager Support",3
Female,37,"Yuette Morar","Career Growth",3
Female,41,"Theodora Hahn","Role Clarity",3
Female,41,"Theodora Hahn","Company Policies",3
Male,42,"Mohammed Corkery","Role Clarity",3
Male,42,"Mohammed Corkery","Company Policies",3
Female,43,"Gudrun Price","Company Policies",3
Female,44,"Shirley Crist","Role Clarity",3
Female,45,"Evonne Grant","Role Clarity",3
Female,47,"Raylene Mueller","Role Clarity",3
Male,48,"Annabelle Kuhic","Company Policies",3
Male,51,"Nicholas Ankunding","Manager Support",3
Female,52,"Olinda Heidenreich","Manager Support",3
Male,53,"Joycelyn Halvorson","Role Clarity",3
Male,55,"Salena Upton","Role Clarity",3
Male,55,"Salena Upton","Manager Support",3
Male,1,"Lesley Farrell","Role Clarity",2
Male,1,"Lesley Farrell","Manager Support",2
Female,2,"Manie Halvorson","Role Clarity",2
Female,2,"Manie Halvorson","Career Growth",2
Female,2,"Manie Halvorson","Company Policies",2
Female,2,"Manie Halvorson","Manager Support",2
Male,3,"Solomon Fritsch","Manager Support",2
Female,4,"Jeff Bechtelar","Manager Support",2
Female,6,"Nobuko Dach","Manager Support",2
Female,9,"Marie Schroeder","Manager Support",2
Male,12,"Kandra Lakin","Role Clarity",2
Male,12,"Kandra Lakin","Career Growth",2
Male,15,"Remedios Baumbach","Company Policies",2
Male,15,"Remedios Baumbach","Manager Support",2
Male,17,"Natashia Windler","Career Growth",2
Male,17,"Natashia Windler","Company Policies",2
Male,18,"Leila Lemke","Company Policies",2
Male,19,"Aida Jacobi","Role Clarity",2
Male,19,"Aida Jacobi","Company Policies",2
Male,21,"Kyung Kub","Role Clarity",2
Male,22,"Sonya Beier","Career Growth",2
Male,22,"Sonya Beier","Company Policies",2
Male,23,"Rina Gerhold","Career Growth",2
Male,24,"Annika Ward","Role Clarity",2
Male,26,"Nigel Ritchie","Role Clarity",2
Male,26,"Nigel Ritchie","Career Growth",2
Male,26,"Nigel Ritchie","Manager Support",2
Male,27,"Veda Prosacco","Career Growth",2
Male,27,"Veda Prosacco","Company Policies",2
Male,28,"Vernon Hudson","Role Clarity",2
Male,28,"Vernon Hudson","Company Policies",2
Male,29,"Marhta Johnston","Career Growth",2
Female,30,"Alfred Okuneva","Role Clarity",2
Female,30,"Alfred Okuneva","Career Growth",2
Male,31,"Kimberley Jacobi","Role Clarity",2
Male,32,"Rusty Raynor","Role Clarity",2
Male,32,"Rusty Raynor","Career Growth",2
Male,32,"Rusty Raynor","Company Policies",2
Female,33,"Magdalena Bergnaum","Company Policies",2
Male,34,"Malika Deckow","Company Policies",2
Male,35,"Becky Rempel","Manager Support",2
Female,38,"Lilia Hickle","Career Growth",2
Female,38,"Lilia Hickle","Manager Support",2
Female,39,"Joyce Rau","Company Policies",2
Male,40,"Gerardo Gulgowski","Role Clarity",2
Male,40,"Gerardo Gulgowski","Company Policies",2
Female,41,"Theodora Hahn","Career Growth",2
Male,42,"Mohammed Corkery","Manager Support",2
Female,43,"Gudrun Price","Career Growth",2
Female,45,"Evonne Grant","Manager Support",2
Female,46,"Phylicia Streich","Company Policies",2
Female,47,"Raylene Mueller","Career Growth",2
Male,49,"Nikole Kulas","Role Clarity",2
Female,50,"Stanton Daniel","Company Policies",2
Female,50,"Stanton Daniel","Manager Support",2
Male,51,"Nicholas Ankunding","Career Growth",2
Female,52,"Olinda Heidenreich","Role Clarity",2
Male,53,"Joycelyn Halvorson","Company Policies",2
Female,54,"Bari Kunde","Company Policies",2
Female,54,"Bari Kunde","Manager Support",2
Male,1,"Lesley Farrell","Company Policies",1
Male,3,"Solomon Fritsch","Career Growth",1
Female,4,"Jeff Bechtelar","Role Clarity",1
Male,5,"Brooks Hilll","Career Growth",1
Female,6,"Nobuko Dach","Role Clarity",1
Female,7,"Sage Beier","Role Clarity",1
Female,8,"Sharlene Gerlach","Role Clarity",1
Male,10,"Donnell Balistreri","Career Growth",1
Male,10,"Donnell Balistreri","Manager Support",1
Male,12,"Kandra Lakin","Manager Support",1
Female,13,"Magnolia Kohler","Role Clarity",1
Female,13,"Magnolia Kohler","Career Growth",1
Female,13,"Magnolia Kohler","Company Policies",1
Male,14,"Martina Feil","Career Growth",1
Male,18,"Leila Lemke","Role Clarity",1
Female,20,"Demetrius Hahn","Company Policies",1
Male,21,"Kyung Kub","Company Policies",1
Male,21,"Kyung Kub","Manager Support",1
Male,22,"Sonya Beier","Role Clarity",1
Male,22,"Sonya Beier","Manager Support",1
Male,23,"Rina Gerhold","Company Policies",1
Male,24,"Annika Ward","Career Growth",1
Male,24,"Annika Ward","Manager Support",1
Male,25,"Jacquelyn Hahn","Role Clarity",1
Male,27,"Veda Prosacco","Role Clarity",1
Male,28,"Vernon Hudson","Manager Support",1
Male,29,"Marhta Johnston","Manager Support",1
Male,31,"Kimberley Jacobi","Company Policies",1
Male,32,"Rusty Raynor","Manager Support",1
Male,34,"Malika Deckow","Role Clarity",1
Male,34,"Malika Deckow","Career Growth",1
Male,36,"Nikole Streich","Role Clarity",1
Male,36,"Nikole Streich","Company Policies",1
Female,38,"Lilia Hickle","Company Policies",1
Male,42,"Mohammed Corkery","Career Growth",1
Female,43,"Gudrun Price","Role Clarity",1
Female,43,"Gudrun Price","Manager Support",1
Female,44,"Shirley Crist","Career Growth",1
Female,45,"Evonne Grant","Career Growth",1
Female,45,"Evonne Grant","Company Policies",1
Female,46,"Phylicia Streich","Manager Support",1
Male,48,"Annabelle Kuhic","Career Growth",1
Male,48,"Annabelle Kuhic","Manager Support",1
Male,49,"Nikole Kulas","Company Policies",1
